{"Afghanistan": -2.518215384615384, "Albania": -35.61821538461538, "Algeria": 2.481784615384616, "Andorra": -38.44121538461538, "Angola": -8.518215384615385, "Antigua & Barbuda": -38.416215384615384, "Argentina": 5.481784615384616, "Armenia": -35.51821538461538, "Australia": -13.518215384615385, "Austria": -29.518215384615385, "Azerbaijan": -28.518215384615385, "Bahamas": -38.11821538461538, "Bahrain": -37.218215384615384, "Bangladesh": 126.48178461538461, "Barbados": -38.218215384615384, "Belarus": -28.518215384615385, "Belgium": -27.518215384615385, "Belize": -38.11821538461538, "Benin": -27.518215384615385, "Bhutan": -37.718215384615384, "Bolivia": -27.518215384615385, "Bosnia and Herzegovina": -34.61821538461538, "Botswana": -36.318215384615385, "Brazil": 170.4817846153846, "Brunei": -38.11821538461538, "Bulgaria": -31.518215384615385, "Burkina Faso": -19.518215384615385, "Burundi": -27.518215384615385, "Cabo Verde": -38.01821538461538, "Cambodia": -22.518215384615385, "Cameroon": -14.518215384615385, "Canada": -1.518215384615384, "Central African Republic": -33.61821538461538, "Chad": -23.518215384615385, "Chile": -20.518215384615385, "China": 1347.4817846153846, "Colombia": 10.481784615384615, "Comoros": -37.718215384615384, "Congo (Dem. Rep.)": 42.48178461538462, "Congo (Rep.)": -34.01821538461538, "Costa Rica": -33.61821538461538, "Cote d'Ivoire": -14.518215384615385, "Croatia": -34.318215384615385, "Cuba": -27.518215384615385, "Cyprus": -37.718215384615384, "Czech Republic": -27.518215384615385, "Denmark": -32.51821538461538, "Djibouti": -37.51821538461538, "Dominica": -38.41821538461539, "Dominican Republic": -27.518215384615385, "Ecuador": -21.518215384615385, "Egypt": 59.48178461538462, "El Salvador": -32.51821538461538, "Equatorial Guinea": -37.718215384615384, "Eritrea": -33.51821538461538, "Estonia": -37.218215384615384, "Eswatini": -37.41821538461539, "Ethiopia": 66.48178461538461, "Fiji": -37.61821538461538, "Finland": -32.51821538461538, "France": 28.481784615384615, "Gabon": -36.61821538461538, "Gambia, The": -36.41821538461539, "Georgia": -34.818215384615385, "Germany": 44.48178461538462, "Ghana": -9.518215384615385, "Greece": -27.518215384615385, "Grenada": -38.410215384615384, "Guatemala": -21.518215384615385, "Guinea": -25.518215384615385, "Guinea-Bissau": -36.818215384615385, "Guyana": -37.718215384615384, "Haiti": -27.518215384615385, "Honduras": -29.518215384615385, "Hungary": -28.518215384615385, "Iceland": -38.218215384615384, "India": 1300.4817846153846, "Indonesia": 225.4817846153846, "Iran": 42.48178461538462, "Iraq": -0.5182153846153841, "Ireland": -33.818215384615385, "Israel": -29.518215384615385, "Italy": 22.481784615384615, "Jamaica": -35.718215384615384, "Japan": 88.48178461538461, "Jordan": -28.518215384615385, "Kazakhstan": -20.518215384615385, "Kenya": 11.481784615384615, "Kiribati": -38.41821538461539, "Korea (Dem. People\u2019s Rep.)": -13.518215384615385, "Korea (Rep.)": 12.481784615384615, "Kosovo": -36.61821538461538, "Kuwait": -34.318215384615385, "Kyrgyzstan": -32.51821538461538, "Laos": -31.518215384615385, "Latvia": -36.51821538461538, "Lebanon": -33.91821538461539, "Lesotho": -36.61821538461538, "Liberia": -34.11821538461538, "Libya": -32.51821538461538, "Liechtenstein": -38.480215384615384, "Lithuania": -35.61821538461538, "Luxembourg": -37.91821538461539, "Macedonia": -36.41821538461539, "Madagascar": -12.518215384615385, "Malawi": -19.518215384615385, "Malaysia": -6.518215384615384, "Maldives": -38.11821538461538, "Mali": -19.518215384615385, "Malta": -38.11821538461538, "Marshall Islands": -38.465215384615384, "Mauritania": -34.718215384615384, "Mauritius": -37.218215384615384, "Mexico": 90.48178461538461, "Micronesia": -38.41821538461539, "Moldova": -34.91821538461539, "Monaco": -38.47921538461539, "Mongolia": -35.51821538461538, "Montenegro": -37.91821538461539, "Morocco": -2.518215384615384, "Mozambique": -8.518215384615385, "Myanmar": 14.481784615384615, "Namibia": -36.218215384615384, "Nauru": -38.504215384615385, "Nepal": -9.518215384615385, "Netherlands": -21.518215384615385, "New Zealand": -33.818215384615385, "Nicaragua": -32.51821538461538, "Niger": -17.518215384615385, "Nigeria": 152.4817846153846, "Norway": -33.51821538461538, "Oman": -34.51821538461538, "Pakistan": 158.4817846153846, "Palau": -38.49621538461538, "Panama": -34.51821538461538, "Papua New Guinea": -30.518215384615385, "Paraguay": -31.518215384615385, "Peru": -6.518215384615384, "Philippines": 66.48178461538461, "Poland": -0.5182153846153841, "Portugal": -28.518215384615385, "Qatar": -35.91821538461539, "Romania": -18.518215384615385, "Russia": 105.48178461538461, "Rwanda": -26.518215384615385, "Saint Kitts and Nevis": -38.46321538461538, "Saint Lucia": -38.318215384615385, "Saint Vincent and the Grenadines": -38.41821538461539, "Samoa": -38.318215384615385, "San Marino": -38.48521538461539, "Sao Tome and Principe": -38.318215384615385, "Saudi Arabia": -5.518215384615384, "Senegal": -22.518215384615385, "Serbia": -31.518215384615385, "Seychelles": -38.41821538461539, "Sierra Leone": -30.518215384615385, "Singapore": -32.51821538461538, "Slovakia": -33.51821538461538, "Slovenia": -36.41821538461539, "Solomon Islands": -37.91821538461539, "Somalia": -23.518215384615385, "South Africa": 18.481784615384615, "South Sudan": -25.518215384615385, "Spain": 8.481784615384615, "Sri Lanka": -17.518215384615385, "Sudan": 2.481784615384616, "Suriname": -37.91821538461539, "Sweden": -28.518215384615385, "Switzerland": -30.518215384615385, "Syria": -20.518215384615385, "Taiwan": -14.518215384615385, "Tajikistan": -29.518215384615385, "Tanzania": 18.481784615384615, "Thailand": 30.481784615384615, "Timor-Leste": -37.318215384615385, "Togo": -30.518215384615385, "Tonga": -38.41821538461539, "Trinidad and Tobago": -37.11821538461538, "Tunisia": -26.518215384615385, "Turkey": 42.48178461538462, "Turkmenistan": -32.51821538461538, "Tuvalu": -38.507215384615385, "Uganda": 4.481784615384616, "Ukraine": 6.481784615384616, "United Arab Emirates": -29.518215384615385, "United Kingdom": 27.481784615384615, "United States": 287.48178461538464, "Uruguay": -35.01821538461538, "Uzbekistan": -6.518215384615384, "Vanuatu": -38.218215384615384, "Venezuela": -6.518215384615384, "Vietnam": 57.48178461538462, "Yemen": -10.518215384615385, "Zambia": -21.518215384615385, "Zimbabwe": -21.518215384615385}