{"China": 79709.46846846846, "Hong Kong": -875.5315315315315, "Japan": -487.5315315315315, "Macau": -979.5315315315315, "South Korea": 6324.468468468469, "Taiwan": -944.5315315315315, "Thailand": -939.5315315315315, "US": -452.5315315315315, "Australia": -913.5315315315315, "Brazil": -969.5315315315315, "Colombia": -988.5315315315315, "Malaysia": -890.5315315315315, "Mexico": -982.5315315315315, "Philippines": -979.5315315315315, "Singapore": -839.5315315315315, "Vietnam": -959.5315315315315, "France": 136.46846846846847, "Nepal": -988.5315315315315, "Canada": -925.5315315315315, "Cambodia": -987.5315315315315, "Ivory Coast": -988.5315315315315, "Sri Lanka": -988.5315315315315, "Germany": 50.46846846846847, "Finland": -966.5315315315315, "United Arab Emirates": -944.5315315315315, "India": -950.5315315315315, "Italy": 6385.468468468469, "Russia": -972.5315315315315, "Sweden": -786.5315315315315, "UK": -716.5315315315315, "Spain": -316.5315315315315, "Belgium": -789.5315315315315, "Others": -293.5315315315315, "Egypt": -940.5315315315315, "Iran": 5576.468468468469, "Israel": -950.5315315315315, "Lebanon": -957.5315315315315, "Iraq": -929.5315315315315, "Afghanistan": -985.5315315315315, "Bahrain": -904.5315315315315, "Kuwait": -925.5315315315315, "Oman": -973.5315315315315, "Algeria": -970.5315315315315, "Austria": -885.5315315315315, "Croatia": -977.5315315315315, "Switzerland": -652.5315315315315, "Georgia": -976.5315315315315, "Greece": -916.5315315315315, "North Macedonia": -986.5315315315315, "Norway": -813.5315315315315, "Pakistan": -983.5315315315315, "Romania": -974.5315315315315, "Denmark": -954.5315315315315, "Estonia": -979.5315315315315, "Netherlands": -724.5315315315315, "San Marino": -953.5315315315315, " Azerbaijan": -988.5315315315315, "Belarus": -983.5315315315315, "Iceland": -939.5315315315315, "Lithuania": -988.5315315315315, "New Zealand": -984.5315315315315, "Nigeria": -988.5315315315315, "North Ireland": -988.5315315315315, "Ireland": -970.5315315315315, "Luxembourg": -986.5315315315315, "Monaco": -988.5315315315315, "Qatar": -974.5315315315315, "Armenia": -988.5315315315315, "Azerbaijan": -980.5315315315315, "Czech Republic": -958.5315315315315, "Dominican Republic": -984.5315315315315, "Ecuador": -975.5315315315315, "Andorra": -988.5315315315315, "Indonesia": -983.5315315315315, "Latvia": -987.5315315315315, "Morocco": -987.5315315315315, "Portugal": -959.5315315315315, "Saudi Arabia": -978.5315315315315, "Senegal": -985.5315315315315, "Argentina": -977.5315315315315, "Chile": -981.5315315315315, "Jordan": -988.5315315315315, "Ukraine": -988.5315315315315, "Faroe Islands": -987.5315315315315, "Gibraltar": -988.5315315315315, "Hungary": -982.5315315315315, "Liechtenstein": -988.5315315315315, "Poland": -978.5315315315315, "Saint Barthelemy": -986.5315315315315, "Tunisia": -987.5315315315315, "Bosnia and Herzegovina": -986.5315315315315, "Palestine": -967.5315315315315, "Slovenia": -973.5315315315315, "South Africa": -986.5315315315315, "Bhutan": -988.5315315315315, "Cameroon": -987.5315315315315, "Costa Rica": -984.5315315315315, "Peru": -983.5315315315315, "Serbia": -988.5315315315315, "Slovakia": -986.5315315315315, "Togo": -988.5315315315315, "Vatican City": -988.5315315315315, "French Guiana": -984.5315315315315, "Malta": -986.5315315315315, "Martinique": -987.5315315315315, "Bangladesh": -986.5315315315315, "Bulgaria": -985.5315315315315, "Maldives": -985.5315315315315, "Moldova": -988.5315315315315, "Paraguay": -988.5315315315315, "Republic of Ireland": -968.5315315315315}